30001,Finland,160955-825Z,gmarkovic0@vimeo.com,Gabriell,Markovic,
30002,Sweden,859093-175V,dsandford1@wisc.edu,Deanna,Sandford,
30003,Sweden,793180-580X,mteaser2@house.gov,Melissa,Teaser,
30004,Sweden,517221-905Q,fmatevosian3@wired.com,Felipa,Matevosian,
30005,Finland,244775-629B,jertelt4@sfgate.com,Josy,Ertelt,
30006,Sweden,579626-702Z,mranner5@ucsd.edu,Marianne,Ranner,
30007,Finland,616578-035E,rriolfo6@imgur.com,Renell,Riolfo,
30008,Sweden,210456-524Z,ocolvie7@bloglines.com,Owen,Colvie,
30009,Sweden,144441-817L,pbearham8@unicef.org,Pancho,Bearham,
30010,Sweden,672761-824S,dvosse9@yahoo.co.jp,Denver,Vosse,
30011,Sweden,581720-524G,rpittama@samsung.com,Ruthie,Pittam,
30012,Sweden,635677-385O,mmcculleyb@sciencedirect.com,Mirna,McCulley,
30013,Sweden,863119-135K,mbottlestonec@dion.ne.jp,Melisenda,Bottlestone,
30014,Sweden,459248-822L,eackersd@ustream.tv,Eugenio,Ackers,
30015,Sweden,224905-000P,gseedse@squarespace.com,Genevieve,Seeds,
30016,Norway,186373-179T,sfoskenf@ca.gov,Samaria,Fosken,
30017,Sweden,909430-628A,egrigorking@oakley.com,Efrem,Grigorkin,
30018,Sweden,263197-156P,cdoghartieh@unesco.org,Clemens,Doghartie,
30019,Sweden,650807-062Y,nwiersmai@opensource.org,Neall,Wiersma,
30020,Sweden,201453-017A,dhurchej@latimes.com,Desdemona,Hurche,
30021,Sweden,847561-912O,nfullylovek@nbcnews.com,Noella,Fullylove,
30022,Finland,663621-324Z,echellingworthl@youtu.be,Edmund,Chellingworth,
30023,Norway,271680-268I,mnutbeemm@cnbc.com,Marys,Nutbeem,
30024,Sweden,402326-705I,amudlen@nytimes.com,Alfonso,Mudle,
30025,Sweden,033693-884K,fsicho@discovery.com,Fanni,Sich,
30026,Sweden,091115-871R,rleverp@slideshare.net,Roxy,Lever,
30027,Sweden,109981-591M,fmckinnq@drupal.org,Freddie,McKinn,
30028,Finland,755568-153Z,pmatuskar@wikispaces.com,Patsy,Matuska,
30029,Sweden,187547-932W,gdelagness@storify.com,Gerhardt,Delagnes,
30030,Sweden,710286-276Q,scosslettt@smugmug.com,Shaylynn,Cosslett,
30031,Sweden,199675-541O,rgormleyu@nhs.uk,Rudiger,Gormley,
30032,Finland,038713-918T,barnev@bloglines.com,Brigit,Arne,
30033,Sweden,311969-454E,mkightlyw@fema.gov,Marlene,Kightly,
30034,Sweden,637635-838H,oyakubovicsx@microsoft.com,Olivette,Yakubovics,
30035,Sweden,155449-993H,cjosiahy@behance.net,Carolynn,Josiah,
30036,Sweden,157369-331Z,omechanz@unblog.fr,Oswald,Mechan,
30037,Finland,975284-430V,jbendig10@oakley.com,Jens,Bendig,
30038,Finland,421497-801E,emurcutt11@whitehouse.gov,Elvera,Murcutt,
30039,Sweden,480164-999S,bwalls12@adobe.com,Ban,Walls,
30040,Sweden,401654-805T,aeaddy13@ebay.com,Arlinda,Eaddy,
30041,Sweden,289736-831Z,lnortcliffe14@ftc.gov,Lida,Nortcliffe,
30042,Sweden,346233-113Z,vpeasegod15@dagondesign.com,Valerye,Peasegod,
30043,Norway,183941-581W,cinold16@domainmarket.com,Ciel,Inold,
30044,Sweden,623596-318Y,tdalwood17@joomla.org,Trista,Dalwood,
30045,Sweden,451649-614X,jalaway18@msu.edu,Justis,Alaway,
30046,Finland,558424-027R,msaban19@desdev.cn,Margit,Saban,
30047,Sweden,611590-587N,mmacquarrie1a@google.co.jp,Mariana,MacQuarrie,
30048,Sweden,930069-904J,hgooderham1b@de.vu,Hana,Gooderham,
30049,Sweden,787242-214I,kofer1c@wikia.com,Kippy,Ofer,
30050,Sweden,450460-609M,dcrighton1d@macromedia.com,Deanne,Crighton,
30051,Finland,008054-688B,cflintoffe1e@technorati.com,Cristal,Flintoffe,
30052,Norway,357378-911Y,ggrodden1f@yahoo.com,Gratia,Grodden,
30053,Finland,145858-855G,hscrowton1g@umich.edu,Heinrik,Scrowton,
30054,Sweden,211192-379D,nryle1h@amazon.de,Nariko,Ryle,
30055,Sweden,299042-841C,mbanting1i@artisteer.com,Margeaux,Banting,
30056,Sweden,342344-214J,mgoodbairn1j@hubpages.com,Marieann,Goodbairn,
30057,Sweden,036869-341X,coldis1k@github.com,Cort,Oldis,
30058,Sweden,694718-318F,xblum1l@addthis.com,Xever,Blum,
30059,Sweden,547459-748L,wdelcastello1m@guardian.co.uk,Wynn,Del Castello,
30060,Sweden,149779-145I,cgoodliffe1n@ft.com,Corri,Goodliffe,
30061,Sweden,866542-510F,ryusupov1o@amazon.de,Redd,Yusupov,
30062,Sweden,757446-846W,uchristofor1p@etsy.com,Ulick,Christofor,
30063,Sweden,579577-085C,jmould1q@csmonitor.com,Judd,Mould,
30064,Sweden,294308-456Y,khuish1r@google.fr,Kleon,Huish,
30065,Sweden,277725-950O,hheeron1s@japanpost.jp,Hamel,Heeron,
30066,Sweden,295651-627J,mjeaycock1t@spiegel.de,Morgan,Jeaycock,
30067,Sweden,462934-468G,dbratcher1u@simplemachines.org,Dedra,Bratcher,
30068,Sweden,780780-175Q,lskelly1v@earthlink.net,Lauraine,Skelly,
30069,Sweden,090981-360A,lfry1w@miitbeian.gov.cn,Lennie,Fry,
30070,Sweden,059057-825L,bmoughtin1x@exblog.jp,Barbabra,Moughtin,
30071,Sweden,443581-355P,kedmondson1y@miitbeian.gov.cn,Kore,Edmondson,
30072,Sweden,836118-586R,mtissier1z@tuttocitta.it,Maurise,Tissier,
30073,Sweden,682746-906U,feverton20@alexa.com,Fidelia,Everton,
30074,Finland,547736-973S,anattriss21@gizmodo.com,Analiese,Nattriss,
30075,Finland,435914-088I,bmardlin22@rambler.ru,Brandice,Mardlin,
30076,Sweden,211763-907K,kmicheli23@deviantart.com,Kizzee,Micheli,
30077,Sweden,006162-458K,cruck24@netvibes.com,Cayla,Ruck,
30078,Finland,669779-621C,aneames25@globo.com,Abba,Neames,
30079,Norway,539701-091O,khollidge26@xinhuanet.com,Kristofor,Hollidge,
30080,Sweden,555503-084V,gshowl27@msu.edu,Gard,Showl,
30081,Sweden,991803-132H,pcharlewood28@dailymotion.com,Perry,Charlewood,
30082,Sweden,781647-629Z,dbernollet29@icq.com,Deb,Bernollet,
30083,Sweden,960719-147U,shalloran2a@fema.gov,Shandeigh,Halloran,
30084,Sweden,545370-989I,mblaza2b@ca.gov,Mirabella,Blaza,
30085,Sweden,257789-053V,babelson2c@cbsnews.com,Brucie,Abelson,
30086,Sweden,076330-049P,lantrobus2d@bravesites.com,Lynnea,Antrobus,
30087,Sweden,597690-589J,csimmers2e@issuu.com,Cal,Simmers,
30088,Sweden,552364-991V,aoronan2f@hostgator.com,Abraham,O' Ronan,
30089,Sweden,257410-664B,tgabbetis2g@typepad.com,Terence,Gabbetis,
30090,Sweden,261559-758I,awilkennson2h@google.ca,Armstrong,Wilkennson,
30091,Finland,950223-506D,ccoulter2i@pbs.org,Cece,Coulter,
30092,Sweden,867772-082D,pdartan2j@quantcast.com,Padget,Dartan,
30093,Sweden,509952-706I,mcurror2k@amazonaws.com,Madlin,Curror,
30094,Sweden,633387-535Q,fmcalpin2l@telegraph.co.uk,Farlay,McAlpin,
30095,Finland,363175-381J,gmasi2m@abc.net.au,Gery,Masi,
30096,Sweden,251074-100B,efriedenbach2n@amazon.com,Ethelind,Friedenbach,
30097,Finland,209222-685E,mpetruk2o@tiny.cc,Maurits,Petruk,
30098,Sweden,738932-855G,fniesing2p@usda.gov,Ferdy,Niesing,
30099,Sweden,698363-593O,eradenhurst2q@blogtalkradio.com,Erv,Radenhurst,
30100,Sweden,327714-455I,rlote2r@friendfeed.com,Radcliffe,Lote,
30101,Norway,323033-799F,bvlasov2s@cisco.com,Beryl,Vlasov,
30102,Sweden,453155-459J,bcustard2t@redcross.org,Burnaby,Custard,
30103,Finland,986784-912U,aramsden2u@craigslist.org,Antonio,Ramsden,
30104,Sweden,632662-308A,dellingsworth2v@auda.org.au,Dare,Ellingsworth,
30105,Sweden,954122-380E,tbinnion2w@google.co.uk,Torre,Binnion,
30106,Sweden,067129-863B,mwincer2x@exblog.jp,Melvyn,Wincer,
30107,Sweden,330627-760X,dcullingworth2y@youtube.com,Denise,Cullingworth,
30108,Sweden,539155-391I,bhunsworth2z@engadget.com,Birgit,Hunsworth,
30109,Sweden,260261-589G,ewolfenden30@behance.net,Ermina,Wolfenden,
30110,Sweden,858187-220N,rantonov31@pbs.org,Ricki,Antonov,
30111,Sweden,610125-467D,ksteel32@deliciousdays.com,Kelby,Steel,
30112,Sweden,740852-950J,lbalsom33@amazon.co.jp,Lindsey,Balsom,
30113,Finland,285162-915J,lfrostick34@amazon.de,Lanny,Frostick,
30114,Sweden,739329-758C,jfurmage35@meetup.com,Jeramie,Furmage,
30115,Sweden,096120-955U,trudge36@exblog.jp,Torrey,Rudge,
30116,Norway,561527-222C,aastill37@fastcompany.com,Arlie,Astill,
30117,Sweden,315603-131G,mmushawe38@epa.gov,Melitta,Mushawe,
30118,Sweden,874010-748U,gkinforth39@cisco.com,Geoffrey,Kinforth,
30119,Sweden,348647-565S,pkoles3a@google.co.jp,Pasquale,Koles,
30120,Sweden,413769-163S,plincke3b@mashable.com,Pamella,Lincke,
30121,Sweden,020815-476M,gborland3c@usgs.gov,Gerick,Borland,
30122,Norway,868685-724S,tsenter3d@hostgator.com,Tresa,Senter,
30123,Sweden,582471-681J,rbarwack3e@sitemeter.com,Redford,Barwack,
30124,Sweden,896430-559V,emanchester3f@omniture.com,Elka,Manchester,
30125,Sweden,254707-792W,sspiring3g@omniture.com,Scotti,Spiring,
30126,Sweden,531054-490Z,etampling3h@xing.com,Elwood,Tampling,
30127,Sweden,162720-899Z,adenisyev3i@sbwire.com,Alfy,Denisyev,
30128,Sweden,638544-798F,idoram3j@mashable.com,Ingrim,Doram,
30129,Sweden,247080-044Z,tpresley3k@ucoz.com,Thayne,Presley,
30130,Sweden,934277-882Y,tivie3l@techcrunch.com,Taylor,Ivie,
30131,Finland,307991-164P,wdrinkel3m@yale.edu,Willi,Drinkel,
30132,Sweden,709447-804S,lspurr3n@hatena.ne.jp,Lotte,Spurr,
30133,Sweden,372809-010S,jfedynski3o@tinyurl.com,Jeramey,Fedynski,
30134,Sweden,955599-851X,arosier3p@rediff.com,Ara,Rosier,
30135,Sweden,020871-771Y,kcollihole3q@bbb.org,Katina,Collihole,
30136,Sweden,313212-915U,croyson3r@answers.com,Cody,Royson,
30137,Sweden,826667-696N,myakovitch3s@indiegogo.com,Mirilla,Yakovitch,
30138,Norway,858023-052E,kgianilli3t@1688.com,Kellyann,Gianilli,
30139,Sweden,027048-150Q,hpetrulis3u@washington.edu,Herold,Petrulis,
30140,Norway,781260-702B,backwood3v@rambler.ru,Birch,Ackwood,
30141,Sweden,673799-958E,koliveto3w@pbs.org,Kamila,Oliveto,
30142,Sweden,680706-717O,bthow3x@bandcamp.com,Blayne,Thow,
30143,Finland,408766-308J,odealy3y@google.com.au,Olvan,Dealy,
30144,Sweden,873573-046Q,kpilkington3z@shareasale.com,Katine,Pilkington,
30145,Sweden,933153-676J,mrivel40@rambler.ru,Marie,Rivel,
30146,Sweden,678254-899M,dlay41@scientificamerican.com,Dougie,Lay,
30147,Finland,784683-792D,twoonton42@themeforest.net,Tremayne,Woonton,
30148,Finland,518635-071V,aburdett43@prnewswire.com,Abbey,Burdett,
30149,Sweden,748142-910X,minstone44@blogger.com,Marie-ann,Instone,
30150,Sweden,575235-408V,rkibby45@cbc.ca,Rosalynd,Kibby,
30151,Sweden,825227-041I,kboyen46@usda.gov,Klara,Boyen,
30152,Sweden,799488-441A,dlouw47@photobucket.com,Doreen,Louw,
30153,Sweden,836594-526D,pangrove48@fastcompany.com,Pegeen,Angrove,
30154,Sweden,608390-462M,bvinnick49@miitbeian.gov.cn,Bernie,Vinnick,
30155,Finland,367621-472W,ddreschler4a@miibeian.gov.cn,Diann,Dreschler,
30156,Finland,343655-976R,omcwaters4b@vkontakte.ru,Opaline,McWaters,
30157,Norway,885527-540B,egelly4c@bbc.co.uk,Earle,Gelly,
30158,Sweden,669191-271M,gheight4d@skype.com,Gillian,Height,
30159,Sweden,147866-551S,ygleadle4e@stumbleupon.com,Yasmin,Gleadle,
30160,Sweden,382605-919F,dtrimme4f@arstechnica.com,Douglass,Trimme,
30161,Sweden,838908-138B,hlandrick4g@stanford.edu,Hermione,Landrick,
30162,Sweden,786288-323Z,hrowlett4h@mlb.com,Howie,Rowlett,
30163,Sweden,394372-923I,obollom4i@reuters.com,Odele,Bollom,
30164,Sweden,310402-727F,kjosefsen4j@ask.com,Katy,Josefsen,
30165,Finland,950963-088D,kmctrustrie4k@elpais.com,Kalie,McTrustrie,
30166,Sweden,601945-131Z,lfowle4l@state.gov,Lorri,Fowle,
30167,Sweden,726226-662T,averson4m@census.gov,Adi,Verson,
30168,Sweden,690966-061H,sfarlambe4n@unblog.fr,Silvanus,Farlambe,
30169,Norway,028490-876N,cstallard4o@cafepress.com,Colman,Stallard,
30170,Sweden,220018-308F,pbrettell4p@aol.com,Phillie,Brettell,
30171,Sweden,795419-691Z,barmstrong4q@webs.com,Bartolomeo,Armstrong,
30172,Sweden,183652-123G,pchampney4r@slideshare.net,Parsifal,Champney,
30173,Sweden,539283-106A,mgladdis4s@ocn.ne.jp,Maddy,Gladdis,
30174,Sweden,392296-500B,gbunhill4t@wisc.edu,Goldi,Bunhill,
30175,Finland,998918-900D,aweeks4u@yolasite.com,Abbie,Weeks,
30176,Sweden,314046-974R,jsudlow4v@dagondesign.com,Jacquelynn,Sudlow,
30177,Norway,333951-465F,nacklands4w@gnu.org,Niko,Acklands,
30178,Sweden,824223-068E,lthewlis4x@mozilla.org,Lura,Thewlis,
30179,Sweden,198421-039N,bdorward4y@opera.com,Bran,Dorward,
30180,Sweden,716754-037T,lhumbell4z@auda.org.au,Lizette,Humbell,
30181,Finland,662437-870F,bkellogg50@hostgator.com,Bail,Kellogg,
30182,Finland,380954-596E,vkofax51@mashable.com,Vinnie,Kofax,
30183,Sweden,897562-492V,hwolfinger52@tinypic.com,Homerus,Wolfinger,
30184,Finland,600421-873B,acarrier53@arstechnica.com,Aeriela,Carrier,
30185,Sweden,950502-465Q,blingner54@twitter.com,Bram,Lingner,
30186,Sweden,713692-356N,rdoorly55@marriott.com,Ruprecht,Doorly,
30187,Sweden,101162-519P,tkidson56@vkontakte.ru,Thaine,Kidson,
30188,Sweden,109107-925B,greace57@ow.ly,Gran,Reace,
30189,Sweden,667646-951L,carnecke58@chron.com,Cynthia,Arnecke,
30190,Sweden,740445-638E,tkeling59@hubpages.com,Tawnya,Keling,
30191,Finland,148497-507J,rhallatt5a@wikispaces.com,Rowney,Hallatt,
30192,Sweden,778895-091S,acurro5b@github.io,Andriana,Curro,
30193,Sweden,925272-120E,vtythe5c@ucla.edu,Victoria,Tythe,
30194,Sweden,405663-285Q,ehingeley5d@va.gov,Elisha,Hingeley,
30195,Finland,999805-166L,kjuschka5e@angelfire.com,Ken,Juschka,
30196,Norway,145469-408T,pbrekonridge5f@topsy.com,Patrizio,Brekonridge,
30197,Norway,305694-920Y,bfaier5g@shutterfly.com,Barri,Faier,
30198,Sweden,621864-485I,mvallender5h@yellowbook.com,Meagan,Vallender,
30199,Norway,750312-265S,msearston5i@yolasite.com,Melba,Searston,
30200,Finland,232056-682C,wfeedham5j@buzzfeed.com,Wally,Feedham,
30201,Sweden,812129-791J,amcdonnell5k@example.com,Alvina,McDonnell,
30202,Sweden,387536-404N,adivill5l@nasa.gov,Addi,Divill,
30203,Sweden,299459-538T,bbrazil5m@simplemachines.org,Bron,Brazil,
30204,Sweden,945126-120R,mwoller5n@fc2.com,Morly,Woller,
30205,Finland,085878-445A,mlamyman5o@google.com.au,Mireille,Lamyman,
30206,Norway,769276-171B,fberryman5p@ft.com,Freeman,Berryman,
30207,Norway,895212-441Q,eschroter5q@stumbleupon.com,Erika,Schroter,
30208,Sweden,517817-778U,jcordeiro5r@google.co.uk,Jon,Cordeiro,
30209,Sweden,048708-099Y,gtutill5s@hexun.com,Gaelan,Tutill,
30210,Sweden,615157-855U,bbowgen5t@toplist.cz,Brear,Bowgen,
30211,Sweden,965480-526P,rpomfrey5u@huffingtonpost.com,Rafi,Pomfrey,
30212,Sweden,015108-775W,sguilloneau5v@hhs.gov,Shirlene,Guilloneau,
30213,Sweden,251711-556M,rgrigoletti5w@sbwire.com,Renelle,Grigoletti,
30214,Norway,952013-440P,cmacrae5x@acquirethisname.com,Cece,Macrae,
30215,Sweden,079883-472T,imcvane5y@hexun.com,Iorgos,McVane,
30216,Norway,540521-718Z,icoathup5z@telegraph.co.uk,Isiahi,Coathup,
30217,Sweden,347698-887Z,srobel60@census.gov,Sheba,Robel,
30218,Sweden,061677-542N,dstirton61@usgs.gov,Donavon,Stirton,
30219,Sweden,656284-176G,poffer62@addtoany.com,Pearl,Offer,
30220,Sweden,640009-897L,fbrasseur63@unblog.fr,Frans,Brasseur,
30221,Sweden,202367-814B,dbeardsworth64@ucsd.edu,Donica,Beardsworth,
30222,Norway,734261-987W,rwinspare65@newsvine.com,Reg,Winspare,
30223,Sweden,211703-902W,hrothwell66@tmall.com,Hildagarde,Rothwell,
30224,Finland,607302-422T,eedsell67@gmpg.org,Emory,Edsell,
30225,Sweden,838992-263E,gdeporte68@dyndns.org,Gayleen,Deporte,
30226,Sweden,606048-813E,abangham69@macromedia.com,Ariella,Bangham,
30227,Finland,096573-714A,rbatrip6a@t.co,Rosalia,Batrip,
30228,Norway,573080-747U,ccabotto6b@theglobeandmail.com,Calley,Cabotto,
30229,Sweden,229103-590W,bgrieve6c@so-net.ne.jp,Billi,Grieve,
30230,Sweden,182169-588L,hmcgroarty6d@adobe.com,Haley,McGroarty,
30231,Norway,232691-469Q,gmandrake6e@dell.com,Gelya,Mandrake,
30232,Finland,302623-193Y,oloddon6f@so-net.ne.jp,Orrin,Loddon,
30233,Finland,386911-526J,tstockow6g@earthlink.net,Tabitha,Stockow,
30234,Norway,979994-226Z,bhaquin6h@dailymotion.com,Bertha,Haquin,
30235,Sweden,613624-879I,fbatters6i@craigslist.org,Faythe,Batters,
30236,Sweden,309770-904U,gvint6j@a8.net,Giovanni,Vint,
30237,Sweden,307444-787N,hpatriche6k@goo.ne.jp,Hilario,Patriche,
30238,Sweden,373761-136V,zcrimpe6l@51.la,Zoe,Crimpe,
30239,Finland,983271-486J,rdemschke6m@redcross.org,Ramona,Demschke,
30240,Sweden,550111-278A,chavock6n@ameblo.jp,Christiana,Havock,
30241,Norway,327601-796B,fpenswick6o@geocities.com,Fletch,Penswick,
30242,Sweden,879767-746I,jwestnage6p@histats.com,Jerrilyn,Westnage,
30243,Sweden,441741-208G,lomurtagh6q@privacy.gov.au,Lothaire,O'Murtagh,
30244,Finland,936366-709K,ahorlock6r@jimdo.com,Alisun,Horlock,
30245,Sweden,240665-448X,ksendley6s@amazon.co.jp,Kenn,Sendley,
30246,Finland,191186-325L,jtomek6t@geocities.com,Jill,Tomek,
30247,Sweden,702018-633X,qgeddis6u@uol.com.br,Quinlan,Geddis,
30248,Sweden,236215-935W,rwindrum6v@ezinearticles.com,Rosy,Windrum,
30249,Sweden,175202-102L,imerfin6w@ucoz.com,Ignazio,Merfin,
30250,Sweden,911215-584E,vvardie6x@artisteer.com,Violette,Vardie,
30251,Sweden,305726-820A,apruckner6y@taobao.com,Arvy,Pruckner,
30252,Sweden,855697-393F,tlumsdaine6z@simplemachines.org,Tatum,Lumsdaine,
30253,Sweden,793216-878Z,jfannin70@51.la,Jerad,Fannin,
30254,Finland,143184-744C,cpennyman71@odnoklassniki.ru,Cristie,Pennyman,
30255,Sweden,798590-089V,vdunne72@bbb.org,Viole,Dunne,
30256,Norway,313218-412F,njozef73@hao123.com,Nigel,Jozef,
30257,Sweden,796296-082M,jmacieiczyk74@istockphoto.com,Jacky,Macieiczyk,
30258,Sweden,252652-090P,ganderton75@archive.org,Gan,Anderton,
30259,Norway,335464-602P,scoleyshaw76@vinaora.com,Stu,Coleyshaw,
30260,Sweden,395004-469S,dteaz77@cbsnews.com,Dominica,Teaz,
30261,Sweden,635669-844W,bpetris78@howstuffworks.com,Bettine,Petris,
30262,Sweden,675839-009C,spowles79@so-net.ne.jp,Stepha,Powles,
30263,Sweden,527773-358P,plashmar7a@netvibes.com,Pauly,Lashmar,
30264,Sweden,515663-024C,mtollerfield7b@ow.ly,Meredith,Tollerfield,
30265,Sweden,462090-693U,alebarre7c@ox.ac.uk,Aridatha,Le Barre,
30266,Norway,614563-494F,ahubbart7d@dagondesign.com,Anastasie,Hubbart,
30267,Sweden,489988-531O,bgooddy7e@dedecms.com,Blondelle,Gooddy,
30268,Finland,388271-646Z,bcotte7f@msn.com,Bastien,Cotte,
30269,Sweden,574274-802L,pcastagnaro7g@privacy.gov.au,Peyter,Castagnaro,
30270,Sweden,400374-198W,bsiggens7h@wikispaces.com,Britte,Siggens,
30271,Sweden,799168-474K,gbattyll7i@utexas.edu,Gualterio,Battyll,
30272,Sweden,994121-077W,nisaacson7j@washingtonpost.com,Nona,Isaacson,
30273,Sweden,825615-556L,dpirri7k@smh.com.au,Durand,Pirri,
30274,Sweden,496218-345C,akeoghan7l@mediafire.com,Aryn,Keoghan,
30275,Sweden,108135-310C,fdyne7m@spotify.com,Feodor,Dyne,
30276,Norway,318065-693F,bmeakin7n@washington.edu,Bent,Meakin,
30277,Finland,447928-199N,amixon7o@oakley.com,Aubert,Mixon,
30278,Sweden,725857-636R,ebascomb7p@plala.or.jp,Ewen,Bascomb,
30279,Finland,962576-068L,frentz7q@mysql.com,Francine,Rentz,
30280,Sweden,510062-333A,fklinck7r@quantcast.com,Fifine,Klinck,
30281,Norway,123145-809A,rerett7s@fc2.com,Richard,Erett,
30282,Norway,113433-932U,gbilson7t@google.com.hk,Gardie,Bilson,
30283,Sweden,849518-933C,bhavercroft7u@cnet.com,Brittan,Havercroft,
30284,Sweden,862682-872W,mduffet7v@nsw.gov.au,Monty,Duffet,
30285,Sweden,709034-394D,bnuss7w@cbslocal.com,Brett,Nuss,
30286,Sweden,301359-310S,lavey7x@feedburner.com,Lockwood,Avey,
30287,Sweden,319164-180Z,froeby7y@is.gd,Foster,Roeby,
30288,Sweden,096508-082M,kshakeshaft7z@time.com,Keven,Shakeshaft,
30289,Sweden,260342-120I,csweedy80@symantec.com,Carmella,Sweedy,
30290,Sweden,846299-321A,ctaggart81@myspace.com,Clovis,Taggart,
30291,Sweden,336350-720O,sgoldhill82@prlog.org,Shirlene,Goldhill,
30292,Sweden,260240-090K,cmart83@pen.io,Clerkclaude,Mart,
30293,Finland,600892-846L,jharcase84@usatoday.com,Janenna,Harcase,
30294,Sweden,585906-764Y,rlapslie85@so-net.ne.jp,Royall,Lapslie,
30295,Sweden,128238-584F,rdantonio86@cnn.com,Roanna,D'Antonio,
30296,Norway,763349-759E,aspurr87@people.com.cn,Ardyce,Spurr,
30297,Sweden,648220-165M,rgaroghan88@goo.ne.jp,Roanne,Garoghan,
30298,Sweden,241283-919Y,wcotterell89@un.org,Willa,Cotterell,
30299,Finland,772552-654S,mfirmin8a@bloomberg.com,Moshe,Firmin,
30300,Sweden,727551-653T,fmaddison8b@sun.com,Filberte,Maddison,
30301,Sweden,171456-250L,fmacneill8c@istockphoto.com,Finley,MacNeill,
30302,Norway,392308-730X,rbamblett8d@shareasale.com,Rahal,Bamblett,
30303,Sweden,962031-152J,htrevan8e@rakuten.co.jp,Hephzibah,Trevan,
30304,Sweden,041061-914S,bbarfield8f@sciencedirect.com,Barton,Barfield,
30305,Finland,326471-838Z,cludlom8g@deviantart.com,Carlyle,Ludlom,
30306,Sweden,433944-734K,preadman8h@blogger.com,Pru,Readman,
30307,Finland,239188-635S,eottiwill8i@imdb.com,Elenore,Ottiwill,
30308,Finland,144793-964F,santonazzi8j@springer.com,Stinky,Antonazzi,
30309,Finland,967531-534M,gaddlestone8k@bluehost.com,Gert,Addlestone,
30310,Sweden,149688-502O,jortsmann8l@japanpost.jp,Jesus,Ortsmann,
30311,Sweden,455113-785X,ljeandel8m@ft.com,Levon,Jeandel,
30312,Sweden,439042-212N,jmcmechan8n@issuu.com,Jorgan,Mc Mechan,
30313,Finland,883724-972V,aoldacres8o@wikispaces.com,Arabela,Oldacres,
30314,Sweden,359221-297E,wborgnol8p@umich.edu,Willy,Borgnol,
30315,Norway,393778-286I,tmathey8q@sogou.com,Tobe,Mathey,
30316,Sweden,952012-090E,dambrogini8r@princeton.edu,Dan,Ambrogini,
30317,Sweden,102768-018C,dcottisford8s@ft.com,Dalton,Cottisford,
30318,Sweden,544976-263I,sstanistrete8t@fc2.com,Salvidor,Stanistrete,
30319,Sweden,049322-616F,iprahm8u@google.ca,Ignacius,Prahm,
30320,Sweden,153713-651C,svickarman8v@wikia.com,Sherline,Vickarman,
30321,Sweden,544852-947Z,kantoniottii8w@alibaba.com,Klemens,Antoniottii,
30322,Sweden,622214-099E,oamberg8x@dedecms.com,Obediah,Amberg,
30323,Norway,479883-235C,dnewvell8y@squarespace.com,Devlen,Newvell,
30324,Sweden,382206-413X,dscotter8z@bloomberg.com,Duncan,Scotter,
30325,Sweden,798207-295H,jmcclements90@freewebs.com,Jeniece,McClements,
30326,Sweden,936366-222Q,nlillyman91@nydailynews.com,Noland,Lillyman,
30327,Sweden,688242-863B,mgilder92@networkadvertising.org,Merrill,Gilder,
30328,Sweden,845758-824I,yskingley93@ted.com,Yetty,Skingley,
30329,Sweden,340693-897W,tnaile94@ca.gov,Tabbi,Naile,
30330,Sweden,461800-266U,cbeevor95@abc.net.au,Cristabel,Beevor,
30331,Sweden,319031-979J,fshakesbye96@jiathis.com,Fred,Shakesbye,
30332,Sweden,846500-790Q,sputtan97@examiner.com,Sarine,Puttan,
30333,Sweden,973890-113P,jfryer98@cdc.gov,Jamima,Fryer,
30334,Sweden,123784-016X,hmonroe99@hhs.gov,Hallsy,Monroe,
30335,Sweden,690491-483G,adrysdell9a@google.co.jp,Angelina,Drysdell,
30336,Finland,634814-758U,lmancer9b@dedecms.com,Leon,Mancer,
30337,Sweden,000831-261T,abisley9c@bbb.org,Auberta,Bisley,
30338,Sweden,829518-328T,krhucroft9d@cbsnews.com,Karlen,Rhucroft,
30339,Sweden,659839-311P,cellery9e@arstechnica.com,Cornell,Ellery,
30340,Norway,666204-667D,cmaudett9f@yandex.ru,Celene,Maudett,
30341,Norway,005783-232M,mdoreward9g@timesonline.co.uk,Marcellina,Doreward,
30342,Norway,460734-012Z,ieitter9h@tumblr.com,Ivor,Eitter,
30343,Sweden,983894-678M,jbastone9i@ibm.com,Jasun,Bastone,
30344,Sweden,464653-476D,tstede9j@statcounter.com,Teddie,Stede,
30345,Sweden,450873-539Z,apotzold9k@yahoo.com,Arly,Potzold,
30346,Norway,336216-988S,scarcas9l@ibm.com,Shaine,Carcas,
30347,Sweden,509320-465R,chaney9m@google.fr,Clem,Haney,
30348,Sweden,692019-942D,crestieaux9n@cnet.com,Clive,Restieaux,
30349,Sweden,157693-973W,rcarlett9o@yandex.ru,Ritchie,Carlett,
30350,Sweden,266270-280L,ncarver9p@shutterfly.com,Nonie,Carver,
30351,Sweden,988898-439E,rolpin9q@slideshare.net,Rabi,Olpin,
30352,Finland,241739-448T,cleivesley9r@fastcompany.com,Constantina,Leivesley,
30353,Sweden,386767-209C,aforlong9s@businessweek.com,Alla,Forlong,
30354,Sweden,979780-053A,fewbanks9t@nsw.gov.au,Faustine,Ewbanks,
30355,Sweden,097899-689U,bkopfer9u@yelp.com,Brandyn,Kopfer,
30356,Norway,039430-413V,echipping9v@123-reg.co.uk,Elie,Chipping,
30357,Sweden,233503-619W,bfollin9w@mediafire.com,Blanca,Follin,
30358,Finland,000783-439W,cstartin9x@wsj.com,Cedric,Startin,
30359,Sweden,128512-913S,bfurlong9y@disqus.com,Berty,Furlong,
30360,Sweden,124164-497I,rranyell9z@youtu.be,Rani,Ranyell,
30361,Sweden,140711-680Z,astanlicka0@godaddy.com,Agretha,Stanlick,
30362,Sweden,222805-722Q,ibolzena1@nbcnews.com,Iorgo,Bolzen,
30363,Sweden,696597-836V,mellita2@dropbox.com,Moina,Ellit,
30364,Finland,800233-501X,ltreagusta3@technorati.com,Lesya,Treagust,
30365,Sweden,890770-543J,asheara4@foxnews.com,Adeline,Shear,
30366,Finland,072614-527Q,emenezesa5@loc.gov,Evangelia,Menezes,
30367,Sweden,908770-594D,wchildrena6@dailymotion.com,Woody,Children,
30368,Sweden,862919-222C,dgorriesa7@google.com.au,Debbie,Gorries,
30369,Norway,524959-749Q,equodlinga8@unblog.fr,Eugenio,Quodling,
30370,Sweden,442498-417E,nwhittletona9@themeforest.net,Normie,Whittleton,
30371,Sweden,997697-163Z,dshelfordaa@paginegialle.it,Desi,Shelford,
30372,Sweden,482966-022B,cscotsbrookab@hexun.com,Cecil,Scotsbrook,
30373,Norway,810481-849U,hpaolucciac@artisteer.com,Honey,Paolucci,
30374,Sweden,975894-431H,mkensetad@dedecms.com,Mari,Kenset,
30375,Finland,624689-619T,fateggartae@goo.gl,Farra,Ateggart,
30376,Sweden,283186-121U,eiacovidesaf@prnewswire.com,Eolanda,Iacovides,
30377,Sweden,795024-607L,jsymcoxag@cyberchimps.com,Joleen,Symcox,
30378,Sweden,505283-748T,tstanhopeah@google.fr,Tracey,Stanhope,
30379,Sweden,363448-781J,cstreatfieldai@tmall.com,Cassandry,Streatfield,
30380,Finland,388020-889F,pspackmanaj@hubpages.com,Philis,Spackman,
30381,Sweden,643672-164L,kgwillymak@hostgator.com,Kippar,Gwillym,
30382,Sweden,116796-558U,pcollumal@jugem.jp,Pavia,Collum,
30383,Sweden,148165-698U,rgreesonam@digg.com,Renaldo,Greeson,
30384,Sweden,467445-015L,nvaughanan@chicagotribune.com,Natty,Vaughan,
30385,Finland,364547-730K,jzanussiiao@alibaba.com,Jenifer,Zanussii,
30386,Sweden,038641-954F,tcanepeap@prlog.org,Torrance,Canepe,
30387,Norway,462682-917Y,cdorkingaq@umich.edu,Cale,Dorking,
30388,Sweden,332343-617K,atembyar@army.mil,Ase,Temby,
30389,Sweden,634703-112A,ddahlbackas@ow.ly,Daven,Dahlback,
30390,Norway,640343-894B,aburchessat@ovh.net,Addia,Burchess,
30391,Sweden,763151-722T,efrobisherau@amazonaws.com,Evin,Frobisher,
30392,Finland,143303-615O,soruddenav@ftc.gov,Sherwin,O'Rudden,
30393,Finland,869075-125W,ebeddisaw@sciencedirect.com,Evelyn,Beddis,
30394,Sweden,492549-410A,ddetloffax@timesonline.co.uk,Dermot,Detloff,
30395,Sweden,692760-542O,fainsbyay@bloglines.com,Freeland,Ainsby,
30396,Sweden,176546-642W,ltombsaz@nature.com,Lovell,Tombs,
30397,Sweden,356944-520T,cbellanyb0@comcast.net,Caz,Bellany,
30398,Sweden,695678-641O,tfulleyloveb1@sfgate.com,Tanitansy,Fulleylove,
30399,Sweden,936462-311O,mwoofendellb2@upenn.edu,Marlene,Woofendell,
30400,Sweden,112356-989S,crabbetb3@xrea.com,Corinne,Rabbet,
30401,Sweden,059535-595T,ckernockb4@bandcamp.com,Christan,Kernock,
30402,Sweden,427279-623W,lriccib5@mit.edu,Lurline,Ricci,
30403,Finland,258792-392P,jgorkeb6@google.co.uk,Jeff,Gorke,
30404,Sweden,275809-568U,adudmanb7@newyorker.com,Allyn,Dudman,
30405,Norway,165381-251V,vdunnettb8@imdb.com,Vasili,Dunnett,
30406,Norway,776903-931S,esimionib9@usnews.com,Elane,Simioni,
30407,Sweden,785282-778A,ndoylandba@furl.net,Ninon,Doyland,
30408,Finland,514683-106F,agrishkovbb@ucsd.edu,Adella,Grishkov,
30409,Finland,433114-431A,rparemanbc@ehow.com,Ruthann,Pareman,
30410,Sweden,106301-297K,cmarkosbd@hatena.ne.jp,Ches,Markos,
30411,Sweden,611562-427C,rcoggellbe@gmpg.org,Rodd,Coggell,
30412,Sweden,146550-754W,bcrowcumbf@ow.ly,Brandy,Crowcum,
30413,Sweden,406221-337M,vlavillebg@soup.io,Virgil,Laville,
30414,Sweden,409297-868M,erankmorebh@4shared.com,Evangelin,Rankmore,
30415,Finland,726027-463A,etwinbournebi@blog.com,Elnar,Twinbourne,
30416,Finland,004018-256P,cantoniewskibj@slashdot.org,Christoper,Antoniewski,
30417,Norway,577907-571I,msorbiebk@lulu.com,Maude,Sorbie,
30418,Finland,246858-898Z,squippbl@epa.gov,Stephani,Quipp,
30419,Finland,155525-570Z,cbleierbm@pagesperso-orange.fr,Corrianne,Bleier,
30420,Sweden,346537-164F,vscarsbrickbn@de.vu,Vachel,Scarsbrick,
30421,Finland,644319-976M,lyegoshinbo@weibo.com,Lucho,Yegoshin,
30422,Finland,213770-647Q,schadbp@tamu.edu,Stormy,Chad,
30423,Sweden,381851-648N,eshuttellbq@1und1.de,Eryn,Shuttell,
30424,Sweden,601825-337Q,hpawlettbr@linkedin.com,Hoyt,Pawlett,
30425,Sweden,195353-372G,csuttiebs@delicious.com,Creight,Suttie,
30426,Finland,977807-590M,cmcmorranbt@angelfire.com,Carolynn,McMorran,
30427,Sweden,188388-245B,aovernellbu@upenn.edu,Angela,Overnell,
30428,Norway,788708-212G,vallcottbv@a8.net,Vicki,Allcott,
30429,Sweden,349303-737W,jellulbw@bbc.co.uk,Jeremiah,Ellul,
30430,Norway,414453-606K,kbrogiottibx@google.co.jp,Kelsey,Brogiotti,
30431,Sweden,272153-694D,ajohlby@wikia.com,Alanna,Johl,
30432,Norway,695802-105D,smcturloughbz@yahoo.com,Sallyann,McTurlough,
30433,Sweden,697258-748S,jdawidsohnc0@smh.com.au,Jocelin,Dawidsohn,
30434,Finland,346822-707K,nleekec1@sogou.com,Nalani,Leeke,
30435,Finland,711552-164J,sjenkingc2@macromedia.com,Sascha,Jenking,
30436,Finland,874758-463U,thearnamanc3@slideshare.net,Tommy,Hearnaman,
30437,Sweden,184270-284E,tjervoisc4@mlb.com,Tanner,Jervois,
30438,Sweden,564494-313X,dstainsc5@ed.gov,Deane,Stains,
30439,Norway,520365-683H,cdevericksc6@java.com,Calhoun,Devericks,
30440,Finland,227964-754E,iyeilesc7@nih.gov,Izak,Yeiles,
30441,Sweden,544652-553N,anisardc8@symantec.com,Amata,Nisard,
30442,Sweden,656533-645W,bblazyc9@hugedomains.com,Bonnie,Blazy,
30443,Sweden,376298-325P,lpuddefootca@pbs.org,Loutitia,Puddefoot,
30444,Sweden,702184-276A,ljolincb@multiply.com,Lorens,Jolin,
30445,Sweden,635858-364X,spoulsencc@indiegogo.com,Sher,Poulsen,
30446,Sweden,854420-125K,cjeschnercd@shinystat.com,Car,Jeschner,
30447,Sweden,535619-238D,rgodlipce@chron.com,Rockwell,Godlip,
30448,Sweden,678615-845W,jsilversmidcf@spiegel.de,Janek,Silversmid,
30449,Sweden,741964-782T,wfullomcg@t-online.de,Weylin,Fullom,
30450,Norway,861373-128N,hfarfullch@ifeng.com,Huberto,Farfull,
30451,Norway,710370-300Q,rtowci@constantcontact.com,Roberto,Tow,
30452,Sweden,161426-268O,edeardscj@irs.gov,Erin,Deards,
30453,Finland,917933-660Y,fbaudick@wordpress.com,Ferd,Baudi,
30454,Sweden,787084-512C,swrefordcl@1und1.de,Sophey,Wreford,
30455,Norway,735021-029Y,rforsoncm@furl.net,Rouvin,Forson,
30456,Sweden,965629-681Z,rchelnamcn@ihg.com,Ronnie,Chelnam,
30457,Finland,352487-203G,cmaccallionco@stumbleupon.com,Clevey,MacCallion,
30458,Finland,875367-771V,rpowleycp@hostgator.com,Roxi,Powley,
30459,Sweden,519231-724J,lcorkellcq@phoca.cz,Lenee,Corkell,
30460,Sweden,866286-520K,smcphadencr@deviantart.com,Stormy,McPhaden,
30461,Sweden,186676-111S,agillittcs@topsy.com,Alfonse,Gillitt,
30462,Sweden,860403-107L,mriggertct@comsenz.com,Morley,Riggert,
30463,Sweden,139110-813V,gwalickicu@meetup.com,Gabriellia,Walicki,
30464,Sweden,794158-098F,gzealycv@google.ca,Gayleen,Zealy,
30465,Sweden,725876-273E,ssouthcoatcw@dailymotion.com,Shaw,Southcoat,
30466,Sweden,397513-552C,mdepinnacx@wsj.com,Muffin,de Pinna,
30467,Sweden,743511-597D,awinklecy@wired.com,Arnold,Winkle,
30468,Finland,576293-687S,cgamagecz@plala.or.jp,Cyril,Gamage,
30469,Sweden,490173-015O,rhebardd0@tiny.cc,Rowland,Hebard,
30470,Sweden,500890-304A,nkamienskid1@senate.gov,Noelani,Kamienski,
30471,Finland,270764-853I,kgannand2@reddit.com,Kym,Gannan,
30472,Sweden,840396-868O,mclausend3@artisteer.com,Miles,Clausen,
30473,Sweden,508194-714X,ndowleyd4@youku.com,Nevins,Dowley,
30474,Sweden,268224-915H,pkepped5@i2i.jp,Portie,Keppe,
30475,Sweden,414815-631Z,amccullockd6@sciencedaily.com,Alicea,McCullock,
30476,Sweden,357153-214Y,sfeldkleind7@tripod.com,Sophronia,Feldklein,
30477,Sweden,706442-107U,sfrosdickd8@histats.com,Shirline,Frosdick,
30478,Sweden,815144-989J,swrasselld9@stanford.edu,Sheena,Wrassell,
30479,Sweden,085771-707C,bsargersonda@wix.com,Benedikt,Sargerson,
30480,Sweden,342203-874F,gmallettdb@archive.org,Guinevere,Mallett,
30481,Sweden,837067-849X,kshippeydc@squidoo.com,Kennedy,Shippey,
30482,Sweden,750669-530M,rpadlydd@cpanel.net,Reece,Padly,
30483,Sweden,915942-163Z,plaunchburyde@skyrock.com,Perice,Launchbury,
30484,Sweden,788177-829A,wcarderodf@seesaa.net,Willdon,Cardero,
30485,Sweden,504051-018P,knoldadg@geocities.com,Klaus,Nolda,
30486,Sweden,579259-596U,cbrownleedh@live.com,Claribel,Brownlee,
30487,Sweden,203544-962K,cgilmoredi@reference.com,Caleb,Gilmore,
30488,Sweden,880512-815S,ddenesdj@wordpress.com,Daffy,Denes,
30489,Sweden,367146-942M,kreadittdk@taobao.com,Kikelia,Readitt,
30490,Finland,581968-305Z,jberdaledl@techcrunch.com,Jami,Berdale,
30491,Sweden,870009-296C,bbleslidm@google.nl,Bartram,Blesli,
30492,Sweden,761391-106O,fbowleydn@princeton.edu,Frannie,Bowley,
30493,Sweden,236871-255I,pmilhenchdo@economist.com,Patricia,Milhench,
30494,Sweden,575515-818D,nlardezdp@senate.gov,Nollie,Lardez,
30495,Sweden,341913-448I,smcaveydq@netlog.com,Shepherd,McAvey,
30496,Norway,943077-454T,geilertdr@shop-pro.jp,Gawen,Eilert,
30497,Sweden,370476-214V,ilaidlerds@meetup.com,Isabel,Laidler,
30498,Finland,905742-342N,nmalleydt@soup.io,Nigel,Malley,
30499,Finland,470592-572C,dclynterdu@shinystat.com,Donny,Clynter,
30500,Sweden,512333-108P,upaskdv@gmpg.org,Urban,Pask,
