51,20001,,,438140-631J,mjandl0@fda.gov,ya6vQU3,Malinde,Jandl,Normal,
52,20002,,,265490-804F,nverchambre1@blog.com,2zvNv4,Natty,Verchambre,Administrator,
53,20003,,,711534-851Z,larnoult2@over-blog.com,VTQZsq5lggj5,La verne,Arnoult,Administrator,
54,20004,,,174732-230H,cdufoure3@google.cn,SLHgph90,Cathrine,Dufoure,Administrator,
55,20005,,,874395-908H,tmcconnell4@vimeo.com,IOgJIcqr0HC5,Tore,McConnell,Administrator,
56,20006,,,239826-133L,mmasse5@skyrock.com,9Zw61yPdGLy,Mickie,Masse,Normal,
57,20007,,,291335-115H,cburnsides6@unicef.org,3zLQSJn,Care,Burnsides,Administrator,
58,20008,,,276303-557H,ztrout7@php.net,crwbT9HZJuFX,Zuzana,Trout,Moderator,
59,20009,,,914809-157A,lgreenrde8@google.de,RrfBhKXYuSJa,Langsdon,Greenrde,Moderator,
60,20010,,,625883-226R,kmaccurley9@free.fr,WtCqWMKTjpvK,Katuscha,MacCurley,Moderator,
61,20011,,,166824-394E,rstolza@canalblog.com,J5IbyIZo9,Rozalin,Stolz,Administrator,
62,20012,,,084239-592R,cnansomb@amazon.co.jp,oke0J5b2U,Candi,Nansom,Normal,
63,20013,,,879489-110H,aoreheadc@list-manage.com,Z55n1VQU8,Appolonia,Orehead,Administrator,
64,20014,,,267464-721W,zeathertond@fda.gov,UXIMMMA,Zabrina,Eatherton,Normal,
65,20015,,,565129-325V,fbrantzene@wsj.com,OCQMnTnrx,Fanchon,Brantzen,Moderator,
66,20016,,,542370-721Z,hcalcraftf@g.co,TIRqkezGLEJ,Harriette,Calcraft,Moderator,
67,20017,,,550445-976K,bwahnerg@intel.com,ArfGxpXZiQ,Britney,Wahner,Normal,
68,20018,,,643539-255B,gassinderh@time.com,B4lpsCEb,Gaultiero,Assinder,Normal,
69,20019,,,258953-785R,jlaskeyi@eepurl.com,FgURn76,Josiah,Laskey,Normal,
70,20020,,,975475-731L,bschuelckej@msu.edu,9yGh46rur,Betsey,Schuelcke,Normal,
71,20021,,,547478-751Q,jdayk@virginia.edu,nDlqU70fH,Jillene,Day,Administrator,
72,20022,,,256985-780L,dcockburnl@ft.com,gwUUdu,Devlen,Cockburn,Normal,
73,20023,,,443718-479W,rdelamarm@e-recht24.de,Y5VuP8,Rickert,Delamar,Administrator,
74,20024,,,666612-847W,arundalln@altervista.org,PLaGlc2MM,Abagael,Rundall,Administrator,
75,20025,,,493244-262S,acrispo@naver.com,RqLDheU,Aristotle,Crisp,Normal,
76,20026,,,937266-432Q,pwipperp@edublogs.org,tJqEbiuLuRPD,Pascale,Wipper,Administrator,
77,20027,,,767375-185N,kboyleq@ezinearticles.com,pmQMNq4IgIiq,Kym,Boyle,Administrator,
78,20028,,,242012-716S,wdannr@chron.com,u26iDrd5NEhk,Wendye,Dann,Administrator,
79,20029,,,910372-952R,mstroulgers@springer.com,KklQXnn0HSo,Merridie,Stroulger,Moderator,
80,20030,,,252285-927S,pnottont@unicef.org,zVqV21ztZ,Padriac,Notton,Moderator,
81,20031,,,330821-129H,ojerromu@google.de,unmBTMY,Oliver,Jerrom,Normal,
82,20032,,,674534-479M,talexisv@latimes.com,LdWiRl,Tiffie,Alexis,Moderator,
83,20033,,,073220-579S,fpresswellw@sina.com.cn,j7G6Ff,Fabien,Presswell,Administrator,
84,20034,,,976126-022P,rmaysx@noaa.gov,Ht0wpYH,Rob,Mays,Normal,
85,20035,,,809023-708G,mcanteroy@studiopress.com,dXv3r9H,Margarita,Cantero,Administrator,
86,20036,,,241362-309X,probardetz@google.com.br,eV0mENCnI1,Pris,Robardet,Moderator,
87,20037,,,030798-999Z,mreedie10@sohu.com,gRGF3ZE,Mendel,Reedie,Moderator,
88,20038,,,357370-214I,vmourant11@disqus.com,5GoO4GvgmK9,Virgie,Mourant,Moderator,
89,20039,,,183033-904E,crichardot12@miibeian.gov.cn,wruwmIpA1P,Cynde,Richardot,Moderator,
90,20040,,,666659-310Q,tjansey13@umich.edu,jeIn1LM,Teirtza,Jansey,Administrator,
91,20041,,,973608-560L,bairlie14@answers.com,p7qRrd28,Barr,Airlie,Administrator,
92,20042,,,181065-562X,tbeekmann15@timesonline.co.uk,68BuRIR1eq7r,Tessi,Beekmann,Normal,
93,20043,,,564788-771F,pmargett16@google.com.au,TtMgsWSPeka1,Phyllys,Margett,Normal,
94,20044,,,390054-980X,msilby17@freewebs.com,93MmTM0dmK,Maria,Silby,Moderator,
95,20045,,,043703-589Z,dhuggan18@army.mil,Pr8RgXq8a,Delly,Huggan,Administrator,
96,20046,,,970292-321X,kreichhardt19@chron.com,Wl1nyry8,Katrina,Reichhardt,Normal,
97,20047,,,531876-496O,lgahan1a@cbc.ca,PdnX21Ak,Lyndy,Gahan,Administrator,
98,20048,,,775082-566K,nmcgahern1b@1und1.de,OGGePJwT,Neilla,McGahern,Administrator,
99,20049,,,547895-832U,lmckerrow1c@multiply.com,Atc8trX,Larina,McKerrow,Normal,
100,20050,,,186572-805S,dsein1d@addthis.com,NUp223vW0vm4,Dinny,Sein,Administrator,
