1,10001,,,127268-030U,btreswell0@friendfeed.com,5DF7Ojbcoch,Betta,Treswell,Normal,
2,10002,,,336948-952S,ichipp1@fastcompany.com,HkpBRg,Ilaire,Chipp,Moderator,
3,10003,,,902672-174R,hcastagneri2@istockphoto.com,amAOMWGl64tq,Henryetta,Castagneri,Moderator,
4,10004,,,567420-766D,jflatt3@miibeian.gov.cn,oHnVpns,James,Flatt,Normal,
5,10005,,,895768-226U,pgoodram4@dot.gov,lKOyG4W,Patience,Goodram,Normal,
6,10006,,,018247-704S,spaddeley5@bloglines.com,I45dCKkJx,Sile,Paddeley,Moderator,
7,10007,,,590632-379Y,gmerritt6@indiatimes.com,li9rMZmdc,Gay,Merritt,Administrator,
8,10008,,,147263-062Y,froos7@mediafire.com,h1R8wg6dhby,Fredra,Roos,Administrator,
9,10009,,,201511-658L,gharrinson8@cdc.gov,5wGwWGFC,Guenna,Harrinson,Moderator,
10,10010,,,431750-400L,ewarry9@umn.edu,4ZKOT1Gwdd,Eadie,Warry,Normal,
11,10011,,,972661-149A,smechica@mac.com,KwsdCwTvzxW,Sophia,Mechic,Moderator,
12,10012,,,402736-482A,lblareb@europa.eu,TmkPmJ,Libby,Blare,Administrator,
13,10013,,,939526-272K,jeirwinc@bloglines.com,LAE4EAORMp,Josefa,Eirwin,Normal,
14,10014,,,061420-072F,faloshechkind@cargocollective.com,2dgT08,Franzen,Aloshechkin,Moderator,
15,10015,,,912232-800Y,dsavelle@aboutads.info,IgREAEQ4WOkQ,Devin,Savell,Normal,
16,10016,,,304472-221F,cponcefordf@virginia.edu,xpcpyUUte,Con,Ponceford,Administrator,
17,10017,,,369391-056N,lmiddlerg@dagondesign.com,c7RmyDlmaOV,Lurette,Middler,Moderator,
18,10018,,,859205-727Z,cabbisonh@wufoo.com,E0XxnZ6DI,Cari,Abbison,Administrator,
19,10019,,,797687-558T,mwarri@blogtalkradio.com,zgQ1Dy4NeV,Morgan,Warr,Normal,
20,10020,,,100747-086S,mhassewellj@yelp.com,1x2yt7,Mycah,Hassewell,Moderator,
21,10021,,,840896-428R,fshirtliffk@cafepress.com,h94xR7LDy,Franklyn,Shirtliff,Normal,
22,10022,,,031410-332Q,byearnl@eepurl.com,YWUkSK9JrG,Berne,Yearn,Moderator,
23,10023,,,878669-852I,uesilmonm@free.fr,m92he7rCuU7H,Urson,Esilmon,Moderator,
24,10024,,,643513-049A,ncolegaten@fda.gov,OKY6NfD,Natasha,Colegate,Moderator,
25,10025,,,197229-874W,wreasceo@ebay.com,BgArR3,Walther,Reasce,Administrator,
26,10026,,,477224-088R,mcereceresp@blogspot.com,i2gIBAWgy,Margaux,Cereceres,Moderator,
27,10027,,,201314-344G,jjellingsq@g.co,wS9t6EAZyOyg,Jen,Jellings,Normal,
28,10028,,,188236-182A,fjindrichr@cyberchimps.com,PAEV3HQiecU,Florinda,Jindrich,Normal,
29,10029,,,695311-231D,sbowketts@home.pl,SOyG5yHgfA,Sella,Bowkett,Normal,
30,10030,,,260259-453S,kravenshawt@bigcartel.com,PUbpsbcdgcLD,Katrina,Ravenshaw,Administrator,
31,10031,,,237026-092W,jcadallederu@sciencedirect.com,rFOiZFGrg,Jefferson,Cadalleder,Normal,
32,10032,,,299025-530R,sburbagev@psu.edu,yAEGhRIL,Stephie,Burbage,Administrator,
33,10033,,,891103-100L,usherreardw@plala.or.jp,yX0EVrqT,Ugo,Sherreard,Normal,
34,10034,,,157257-067O,jmalyonx@jugem.jp,swXUfMAU,Jeno,Malyon,Administrator,
35,10035,,,984027-591U,alidgardy@arstechnica.com,DPpauyC,Archibald,Lidgard,Normal,
36,10036,,,268661-904T,ahargeriez@uiuc.edu,CTJXtvcA,Adrienne,Hargerie,Administrator,
37,10037,,,589173-603H,rwoodroff10@cargocollective.com,EWjw7PB1Y,Richardo,Woodroff,Administrator,
38,10038,,,672403-196B,bking11@google.ru,H7iSG9,Bella,King,Administrator,
39,10039,,,968405-865Y,jerbe12@list-manage.com,PXEbTGWk,Jedidiah,Erbe,Normal,
40,10040,,,344612-109H,rgothard13@pagesperso-orange.fr,J0bPqXFAD,Rhett,Gothard,Normal,
41,10041,,,938330-679Z,stitman14@cmu.edu,aSXpzX,See,Titman,Normal,
42,10042,,,556053-123I,poakenfall15@mayoclinic.com,nTFwBwTwjXor,Putnam,Oakenfall,Normal,
43,10043,,,308522-067F,abullas16@technorati.com,GiRPdVfvZa,Audy,Bullas,Normal,
44,10044,,,409407-926U,ccaselick17@tripadvisor.com,kINwklS,Charisse,Caselick,Normal,
45,10045,,,170820-625C,dmattiessen18@marketwatch.com,4zeNcaIcNGzq,Durante,Mattiessen,Normal,
46,10046,,,532485-764D,aglazzard19@salon.com,tgXLdGRGq8,Augie,Glazzard,Normal,
47,10047,,,642442-511J,dwenham1a@princeton.edu,44Lwt9yo,Dalt,Wenham,Normal,
48,10048,,,850387-653G,vgligorijevic1b@smh.com.au,8DSwsy,Van,Gligorijevic,Administrator,
49,10049,,,637932-916E,jdunguy1c@altervista.org,ppEfyV68,Junie,Dunguy,Moderator,
50,10050,,,315237-175K,jdelcastel1d@constantcontact.com,AaWytkowoWsU,June,Delcastel,Normal,
